,final_result
4993,1.0
5053,1.0
1342,0.0
869,1.0
3654,1.0
2132,0.0
743,0.0
4008,1.0
2210,0.0
2564,1.0
1255,1.0
3413,0.0
1561,0.0
1171,0.0
3920,0.0
3487,1.0
1010,1.0
2065,1.0
1046,1.0
4798,1.0
3092,1.0
4783,0.0
5252,1.0
3623,0.0
4067,0.0
3379,1.0
3336,1.0
1157,0.0
2842,0.0
3824,0.0
2216,1.0
1505,0.0
5091,1.0
3700,0.0
2005,0.0
4387,1.0
2223,1.0
3084,0.0
2332,1.0
1087,0.0
4512,0.0
1593,1.0
3331,0.0
5173,1.0
1498,1.0
4166,0.0
1773,0.0
3831,0.0
2641,1.0
3880,1.0
5246,0.0
1974,1.0
3214,1.0
3604,1.0
1378,0.0
4678,1.0
585,1.0
2415,0.0
4236,1.0
1757,0.0
815,1.0
5123,1.0
3793,0.0
2616,0.0
2268,1.0
1513,1.0
4879,0.0
5239,0.0
4239,1.0
4155,1.0
1152,0.0
1569,1.0
2989,0.0
3873,1.0
3316,0.0
4350,0.0
1746,0.0
2803,0.0
4765,1.0
2757,1.0
4576,0.0
2984,0.0
897,0.0
1146,0.0
2915,0.0
958,1.0
3315,1.0
2370,1.0
5286,1.0
1682,1.0
3400,1.0
2099,1.0
2361,1.0
1390,0.0
4469,1.0
2676,0.0
1151,0.0
2783,0.0
3800,1.0
3608,1.0
3701,1.0
3319,0.0
2917,1.0
4608,0.0
3677,0.0
762,0.0
3893,1.0
3921,0.0
1806,1.0
4823,1.0
2399,0.0
3376,1.0
1371,0.0
785,0.0
1574,1.0
929,1.0
2498,1.0
3112,1.0
3536,0.0
2689,0.0
4638,1.0
4654,1.0
3658,0.0
4273,1.0
2049,0.0
4320,1.0
2437,0.0
4932,1.0
2593,1.0
2978,0.0
4174,1.0
1406,1.0
3330,0.0
1480,1.0
1469,1.0
4730,0.0
2357,0.0
1285,1.0
2610,0.0
4891,1.0
2133,0.0
2717,1.0
4452,1.0
5038,1.0
3347,1.0
4814,1.0
1550,0.0
744,0.0
3892,0.0
4298,1.0
2239,0.0
2119,1.0
2649,0.0
5041,1.0
1618,1.0
4587,1.0
2115,1.0
1070,0.0
4973,1.0
590,0.0
1287,1.0
2176,1.0
2231,1.0
3935,1.0
4887,0.0
1072,1.0
2141,1.0
655,1.0
3576,0.0
964,1.0
2061,1.0
2104,1.0
5264,0.0
4763,0.0
5178,0.0
2997,1.0
4176,1.0
4542,1.0
4982,0.0
1681,1.0
3904,1.0
1475,1.0
2296,1.0
3323,0.0
1432,1.0
1323,1.0
1207,1.0
1257,1.0
2444,1.0
4732,1.0
3513,1.0
4923,1.0
2970,1.0
1864,0.0
909,0.0
4695,0.0
852,1.0
2745,1.0
1565,1.0
5185,1.0
1239,1.0
954,1.0
2110,1.0
4558,0.0
4931,1.0
3956,0.0
1526,1.0
3481,1.0
1963,1.0
2621,0.0
3412,0.0
4863,0.0
2452,1.0
2825,0.0
1472,1.0
5265,1.0
5065,0.0
1945,1.0
3176,1.0
2211,1.0
4641,1.0
2166,1.0
1299,1.0
4943,1.0
2027,0.0
2515,1.0
1741,0.0
4312,1.0
1768,1.0
1555,0.0
764,1.0
1537,0.0
2252,1.0
4955,0.0
3455,0.0
4921,0.0
1614,1.0
4257,1.0
4232,1.0
3712,1.0
1522,1.0
2881,0.0
5228,1.0
2128,1.0
1136,1.0
2330,1.0
3787,1.0
3527,0.0
2019,0.0
3343,0.0
3808,1.0
1032,0.0
4007,0.0
1927,1.0
3020,0.0
3524,1.0
4719,1.0
843,1.0
3120,1.0
1380,1.0
3535,1.0
4447,1.0
3559,1.0
4504,1.0
5162,1.0
3488,1.0
1461,1.0
4147,1.0
3730,1.0
945,1.0
2306,1.0
1214,0.0
5069,1.0
4184,1.0
3128,1.0
3785,1.0
3811,0.0
1083,1.0
2774,1.0
561,1.0
3200,0.0
2857,1.0
1385,1.0
4997,0.0
4578,1.0
4607,1.0
2724,1.0
4590,1.0
2256,1.0
5257,0.0
679,0.0
3387,1.0
1933,0.0
1104,0.0
4518,1.0
2804,1.0
3963,1.0
2750,1.0
1892,1.0
4464,1.0
1998,1.0
3583,0.0
2372,1.0
4744,1.0
3871,1.0
1434,0.0
5145,1.0
1978,1.0
2620,0.0
1310,1.0
1309,0.0
3401,1.0
671,1.0
2028,1.0
3354,0.0
4271,1.0
2909,1.0
724,0.0
4825,1.0
2654,1.0
4509,1.0
2792,1.0
1322,0.0
4659,1.0
4757,1.0
3086,1.0
1759,1.0
3695,0.0
2416,0.0
3756,0.0
3297,0.0
770,1.0
3361,1.0
2849,0.0
2646,0.0
2460,1.0
3719,1.0
5238,0.0
1242,1.0
942,1.0
3233,1.0
687,1.0
3100,0.0
2951,1.0
2245,0.0
5294,1.0
4326,1.0
3758,0.0
3798,0.0
2140,1.0
1102,0.0
1384,1.0
5197,1.0
2266,1.0
956,1.0
4365,1.0
3490,1.0
1121,1.0
1921,0.0
2057,1.0
2959,0.0
4481,1.0
3027,0.0
4474,0.0
3882,0.0
2586,0.0
2497,1.0
2867,1.0
2980,1.0
4611,1.0
2407,0.0
674,1.0
2811,1.0
2125,0.0
2199,0.0
5222,0.0
1175,0.0
1456,1.0
2201,0.0
4853,1.0
5301,1.0
2516,1.0
3738,0.0
5233,1.0
3371,1.0
1340,1.0
5116,1.0
3641,0.0
2181,1.0
3119,0.0
3213,1.0
1375,0.0
700,0.0
4209,1.0
1079,1.0
5261,0.0
5009,1.0
2436,1.0
1744,1.0
3839,1.0
3851,1.0
998,1.0
1950,1.0
5047,1.0
1273,0.0
2131,0.0
3239,0.0
598,1.0
3564,0.0
4003,0.0
4382,0.0
643,1.0
3508,0.0
2779,1.0
1946,0.0
2272,0.0
1233,0.0
4162,1.0
3684,1.0
4942,1.0
4242,1.0
3493,1.0
1354,0.0
4214,1.0
2577,1.0
4128,1.0
3062,0.0
2240,1.0
2136,1.0
2339,1.0
4859,0.0
2617,1.0
3854,1.0
3802,0.0
1948,1.0
1777,1.0
1824,0.0
1143,1.0
2189,0.0
3696,0.0
1687,0.0
3763,0.0
4308,1.0
3305,1.0
575,1.0
2203,0.0
2770,1.0
932,1.0
1700,0.0
4423,1.0
2264,1.0
5113,0.0
3258,0.0
4660,1.0
5166,0.0
1103,0.0
2494,0.0
3764,1.0
4712,1.0
861,0.0
3318,0.0
3035,1.0
4722,0.0
3161,0.0
3659,1.0
2100,1.0
2910,1.0
2872,1.0
4478,0.0
1788,0.0
2625,0.0
3162,1.0
4299,0.0
5175,1.0
3714,1.0
1445,1.0
4534,0.0
3540,1.0
4381,1.0
4270,1.0
3794,0.0
2475,0.0
2325,1.0
1226,0.0
4707,1.0
3094,0.0
4289,1.0
2248,1.0
2350,0.0
2754,1.0
1531,0.0
4734,1.0
3934,0.0
1709,0.0
4044,1.0
5184,0.0
3877,1.0
780,0.0
4059,0.0
1814,1.0
2796,0.0
2704,1.0
644,1.0
3838,0.0
2461,1.0
2743,1.0
4662,1.0
3439,1.0
3625,0.0
591,1.0
2234,1.0
4434,1.0
603,0.0
834,1.0
661,1.0
4437,1.0
2501,1.0
608,0.0
3612,0.0
1990,1.0
3151,1.0
4424,1.0
3541,1.0
1203,1.0
3006,0.0
1462,0.0
1379,1.0
774,1.0
3457,0.0
3450,0.0
1534,1.0
1604,0.0
688,0.0
1976,0.0
1352,0.0
4125,1.0
4831,1.0
4199,1.0
868,1.0
935,1.0
3242,0.0
3690,1.0
3974,1.0
5223,1.0
3530,1.0
2537,1.0
1607,0.0
5103,0.0
3240,0.0
4465,1.0
2528,0.0
1117,0.0
3324,0.0
3593,0.0
1001,1.0
1496,1.0
709,0.0
593,0.0
4357,1.0
1567,1.0
4947,1.0
859,1.0
1844,0.0
3302,1.0
3561,1.0
4655,1.0
5133,1.0
3930,1.0
4413,1.0
918,0.0
1178,1.0
2687,1.0
4438,0.0
1335,0.0
2033,1.0
2448,1.0
2967,0.0
3596,1.0
4368,1.0
2847,1.0
2254,0.0
4614,0.0
3150,1.0
1018,0.0
1952,1.0
4183,1.0
5000,1.0
3767,1.0
567,0.0
4225,1.0
853,1.0
3967,0.0
1754,0.0
4041,0.0
5277,0.0
1005,0.0
3632,0.0
1582,1.0
950,0.0
3156,0.0
4119,1.0
5030,0.0
4317,1.0
2950,1.0
3557,0.0
2665,1.0
3776,0.0
1821,0.0
611,1.0
1280,0.0
5296,0.0
4577,1.0
1500,1.0
838,1.0
4888,1.0
3278,1.0
4034,0.0
1017,1.0
2337,0.0
601,1.0
4748,0.0
4412,1.0
1793,1.0
3326,1.0
1444,1.0
2744,0.0
2844,1.0
5278,0.0
3635,1.0
2011,1.0
902,1.0
4615,1.0
1188,0.0
4470,0.0
2629,0.0
704,0.0
3000,1.0
2433,1.0
5110,0.0
3136,1.0
3943,1.0
2549,0.0
3902,1.0
5274,0.0
3954,1.0
946,1.0
1603,0.0
2313,0.0
1037,1.0
3766,0.0
1003,1.0
1994,0.0
3309,1.0
2651,0.0
3381,1.0
4666,1.0
3034,1.0
4781,1.0
5314,1.0
1631,0.0
3178,1.0
1337,1.0
1764,0.0
3509,0.0
3870,0.0
3613,1.0
2002,0.0
3408,0.0
3788,0.0
1530,1.0
4764,1.0
5094,1.0
4934,1.0
4181,1.0
2054,1.0
2935,1.0
4390,1.0
1164,0.0
1493,0.0
4057,0.0
1738,1.0
732,1.0
1073,1.0
1765,1.0
2552,0.0
3952,0.0
1544,1.0
3252,1.0
1272,0.0
2662,1.0
1679,1.0
1794,1.0
1839,0.0
5128,1.0
5125,0.0
4527,1.0
3041,1.0
3089,1.0
2732,0.0
3717,0.0
3299,1.0
4697,0.0
1410,1.0
4909,1.0
4873,1.0
2031,1.0
2425,1.0
3539,1.0
3815,1.0
2424,1.0
5309,1.0
5328,1.0
1630,0.0
3249,0.0
5249,1.0
3024,1.0
4974,0.0
1403,0.0
2718,0.0
4152,1.0
2426,1.0
1075,1.0
3836,0.0
3727,0.0
1063,0.0
5164,1.0
5096,1.0
3778,1.0
4129,1.0
4013,1.0
994,0.0
660,1.0
2392,1.0
4015,1.0
4551,0.0
720,0.0
1163,1.0
1518,1.0
1965,0.0
2883,0.0
822,0.0
5287,0.0
4124,0.0
849,1.0
3219,1.0
1028,1.0
2923,1.0
3234,0.0
4235,1.0
2859,0.0
1497,0.0
2353,1.0
4340,1.0
4290,1.0
2432,1.0
3752,0.0
2928,1.0
1374,1.0
1165,1.0
5086,1.0
3010,1.0
5040,0.0
4032,1.0
1930,1.0
2008,0.0
1122,0.0
649,1.0
5022,1.0
727,1.0
4675,1.0
1520,1.0
3761,0.0
2675,0.0
4022,1.0
3531,0.0
3852,0.0
3976,1.0
4573,1.0
4364,1.0
1324,1.0
3651,1.0
2423,1.0
693,0.0
3919,1.0
941,0.0
1035,1.0
4466,0.0
3353,0.0
3699,1.0
3314,1.0
5187,1.0
888,1.0
4706,0.0
2384,1.0
2093,0.0
3900,0.0
4436,1.0
1486,0.0
4813,0.0
1743,1.0
4402,0.0
3499,0.0
2385,1.0
2578,0.0
5201,1.0
1237,1.0
2756,0.0
3396,1.0
2670,1.0
3937,0.0
4118,0.0
1395,1.0
806,1.0
2690,0.0
2307,1.0
2866,0.0
2145,1.0
5072,1.0
2177,0.0
5016,0.0
4143,1.0
4952,1.0
3601,1.0
3050,1.0
4231,0.0
5215,0.0
3769,0.0
4809,1.0
1831,0.0
4036,0.0
2220,1.0
4543,1.0
5268,1.0
3905,1.0
837,0.0
1786,0.0
2972,1.0
2047,1.0
3680,1.0
2148,0.0
4992,1.0
3991,0.0
2896,0.0
4516,0.0
4306,0.0
1376,1.0
3280,0.0
4580,1.0
2380,1.0
2340,0.0
1320,1.0
3922,0.0
2219,0.0
851,1.0
3097,1.0
2091,0.0
3339,0.0
5037,1.0
4039,0.0
1713,1.0
4844,0.0
4407,1.0
3155,0.0
1312,1.0
1650,1.0
1016,1.0
5033,0.0
3462,0.0
1095,0.0
779,1.0
1828,1.0
1276,1.0
2695,1.0
3284,0.0
4958,1.0
1594,1.0
4334,1.0
4094,0.0
2681,1.0
606,0.0
2427,0.0
4886,1.0
2653,0.0
1021,1.0
1473,1.0
2138,0.0
2297,1.0
3362,1.0
3545,1.0
3287,1.0
2553,0.0
5186,1.0
4360,1.0
641,0.0
4620,1.0
4610,1.0
2079,0.0
4709,1.0
3026,1.0
3338,0.0
2524,0.0
3747,0.0
4726,1.0
1967,1.0
4788,1.0
3265,0.0
4072,1.0
3125,0.0
3208,1.0
665,1.0
3581,1.0
2992,0.0
3397,1.0
2095,1.0
4672,0.0
5305,0.0
5214,1.0
2538,0.0
1442,1.0
4559,1.0
2171,1.0
4208,0.0
3525,1.0
3572,0.0
3861,0.0
3948,1.0
3817,0.0
3015,1.0
1030,0.0
2257,1.0
1227,0.0
5089,1.0
1989,1.0
4584,0.0
912,1.0
4401,1.0
5288,1.0
3377,1.0
1204,1.0
2366,0.0
2760,1.0
1156,0.0
2588,1.0
4645,1.0
3777,1.0
4862,0.0
1339,0.0
3734,1.0
657,0.0
5298,1.0
4983,0.0
2495,1.0
2787,0.0
3333,0.0
2870,0.0
4650,0.0
3153,1.0
4826,1.0
1015,1.0
3818,1.0
4171,0.0
2206,1.0
3876,1.0
1920,1.0
1813,1.0
4940,1.0
2571,0.0
2352,0.0
3434,1.0
1458,1.0
1955,0.0
1728,0.0
725,0.0
2556,0.0
4725,1.0
991,0.0
1807,1.0
684,0.0
2913,1.0
4677,1.0
1250,1.0
830,0.0
5149,1.0
1052,0.0
1338,0.0
4073,0.0
4275,1.0
4291,0.0
2299,1.0
4341,1.0
2122,0.0
2419,1.0
3285,1.0
4496,1.0
4774,1.0
3743,1.0
1554,0.0
3528,1.0
856,0.0
5154,1.0
756,1.0
5119,0.0
957,1.0
810,1.0
2708,1.0
3784,1.0
828,1.0
1884,1.0
2561,1.0
4746,1.0
3645,0.0
3177,1.0
5193,1.0
2035,1.0
3890,1.0
1067,1.0
3167,1.0
4395,1.0
1571,1.0
4986,1.0
3661,1.0
4248,0.0
3130,0.0
1467,1.0
2780,1.0
2815,1.0
1210,0.0
891,0.0
4514,1.0
619,1.0
906,0.0
2235,1.0
4428,1.0
3163,0.0
2882,0.0
1334,1.0
1802,1.0
5331,1.0
3913,1.0
1358,1.0
628,1.0
5194,1.0
2192,0.0
4520,1.0
4441,0.0
2737,0.0
1662,1.0
3807,1.0
3797,1.0
2699,0.0
659,0.0
3093,1.0
5169,1.0
2845,0.0
2647,0.0
793,1.0
4440,1.0
4605,0.0
2267,1.0
1801,1.0
4295,0.0
3874,0.0
3186,0.0
4696,1.0
2684,0.0
1620,1.0
2947,0.0
4056,1.0
1024,1.0
5078,1.0
4866,1.0
4674,1.0
4889,0.0
4948,1.0
4671,1.0
4802,1.0
4575,1.0
1369,1.0
2470,1.0
3001,1.0
874,1.0
5320,0.0
2251,1.0
4260,1.0
5057,0.0
1877,0.0
4635,1.0
2412,1.0
685,1.0
4985,1.0
4259,1.0
3868,1.0
1771,0.0
1041,1.0
3286,0.0
4633,0.0
2582,1.0
1982,1.0
1283,1.0
4845,0.0
5307,1.0
2238,1.0
2491,0.0
602,1.0
5055,0.0
5035,1.0
3229,1.0
1260,0.0
3321,0.0
737,0.0
5312,1.0
1880,1.0
1483,1.0
3988,1.0
1588,0.0
3786,0.0
4074,1.0
3938,1.0
1218,0.0
1730,1.0
3711,1.0
1762,1.0
5248,1.0
4234,0.0
2929,1.0
4548,1.0
3750,1.0
4409,1.0
711,1.0
3070,1.0
3857,1.0
2937,1.0
3959,0.0
1305,1.0
2318,1.0
4767,1.0
2477,1.0
5102,1.0
1391,0.0
2924,1.0
5210,0.0
3671,0.0
3012,1.0
1184,1.0
1756,1.0
1433,0.0
1868,0.0
4636,1.0
2642,1.0
4972,0.0
4002,1.0
919,1.0
4876,1.0
2045,1.0
4014,0.0
4202,1.0
1293,1.0
4817,1.0
4043,1.0
4938,0.0
2626,1.0
3456,1.0
2613,1.0
1867,0.0
2696,1.0
2898,1.0
2801,1.0
3076,0.0
1457,0.0
1182,1.0
3599,1.0
1692,1.0
2117,1.0
3972,1.0
2838,1.0
3917,1.0
2563,1.0
4564,1.0
2873,0.0
3554,1.0
1999,1.0
4846,1.0
1277,1.0
1225,1.0
4399,0.0
3045,1.0
2081,0.0
1721,0.0
1317,1.0
4874,1.0
698,1.0
4916,1.0
1964,1.0
5051,1.0
4878,0.0
3503,0.0
4673,1.0
775,1.0
1625,0.0
1886,1.0
4114,1.0
1977,1.0
642,1.0
3218,0.0
3138,1.0
2817,1.0
1617,1.0
4352,1.0
4448,1.0
3664,1.0
5170,1.0
4978,0.0
4918,1.0
3257,1.0
802,0.0
1818,0.0
1790,1.0
1585,0.0
3482,1.0
2632,0.0
4856,0.0
4619,1.0
675,1.0
2826,0.0
2485,1.0
4476,1.0
1514,1.0
4206,1.0
3436,0.0
3066,1.0
4266,1.0
2202,1.0
1784,0.0
4812,1.0
3320,0.0
2260,1.0
3255,1.0
1905,0.0
1621,0.0
5227,0.0
1708,1.0
1394,1.0
3306,0.0
5028,1.0
3736,0.0
2827,1.0
3090,0.0
3823,1.0
3372,0.0
2767,1.0
4084,1.0
2957,1.0
3573,1.0
5300,1.0
3018,1.0
3774,0.0
4134,1.0
2962,1.0
1326,1.0
2080,0.0
1579,1.0
578,1.0
1110,1.0
589,0.0
1109,1.0
2869,1.0
4159,1.0
1150,1.0
4300,1.0
2139,1.0
5241,1.0
4848,1.0
4628,1.0
1071,0.0
1300,0.0
5157,0.0
4372,0.0
2059,1.0
2157,1.0
1506,0.0
4775,1.0
568,0.0
1040,1.0
1199,1.0
5112,1.0
631,0.0
3003,1.0
1805,0.0
2940,1.0
2648,0.0
949,1.0
903,1.0
3133,0.0
2269,1.0
1808,0.0
3224,1.0
4810,1.0
2560,1.0
4029,1.0
5299,0.0
1684,1.0
4361,1.0
5341,0.0
4035,1.0
635,1.0
2089,0.0
2226,0.0
1474,0.0
2961,1.0
857,1.0
1858,1.0
1416,0.0
3146,1.0
5003,1.0
2270,1.0
2276,1.0
2046,1.0
4569,1.0
3113,0.0
5159,1.0
3474,1.0
1622,1.0
1830,1.0
3369,0.0
3894,1.0
5337,1.0
4629,1.0
5071,1.0
1441,0.0
4009,1.0
3152,0.0
4330,1.0
4321,1.0
5056,1.0
2603,0.0
3312,0.0
1228,0.0
2848,1.0
3288,0.0
5260,1.0
1215,1.0
676,1.0
2946,1.0
2197,0.0
1551,1.0
3835,0.0
2324,0.0
1452,0.0
3059,0.0
3519,1.0
2514,1.0
629,1.0
3895,1.0
2993,0.0
2435,1.0
5295,0.0
2077,1.0
2942,1.0
2454,1.0
4228,1.0
1166,1.0
4538,1.0
3603,1.0
5182,1.0
681,1.0
1351,0.0
1956,0.0
1761,0.0
2920,1.0
1132,0.0
1111,1.0
5088,1.0
4369,1.0
2287,1.0
4850,1.0
983,1.0
570,1.0
1538,1.0
3565,0.0
797,1.0
2720,1.0
2519,1.0
1559,1.0
3953,1.0
618,1.0
4849,0.0
2161,1.0
1981,1.0
2067,1.0
4741,1.0
1615,1.0
3165,0.0
4490,0.0
1366,1.0
3273,1.0
1634,0.0
1478,0.0
4198,0.0
3649,0.0
1359,0.0
3221,1.0
3630,1.0
4896,0.0
2830,1.0
1195,0.0
5281,1.0
2379,0.0
4500,1.0
2713,0.0
3728,1.0
2430,0.0
2163,0.0
1834,1.0
3584,1.0
3254,1.0
3999,0.0
4968,0.0
1636,1.0
2808,1.0
4632,1.0
5327,0.0
3674,0.0
1856,1.0
3269,0.0
4528,0.0
4398,0.0
4417,1.0
1365,1.0
2686,1.0
2472,0.0
2850,0.0
4835,0.0
1388,0.0
4331,1.0
3449,1.0
4930,1.0
1413,1.0
960,1.0
3990,0.0
4304,1.0
3420,0.0
3307,1.0
3223,1.0
5127,1.0
4790,1.0
1185,1.0
2173,0.0
2530,0.0
2666,1.0
4753,1.0
1509,0.0
2633,1.0
4617,0.0
1791,1.0
735,1.0
4589,0.0
3686,1.0
3770,1.0
2279,1.0
5244,1.0
4769,1.0
4078,1.0
3931,1.0
4076,0.0
4572,0.0
2144,0.0
1252,0.0
4566,1.0
3571,0.0
922,0.0
1058,0.0
2806,1.0
1847,1.0
3170,1.0
977,0.0
3143,1.0
2024,1.0
3122,1.0
1419,0.0
2890,0.0
1349,0.0
3468,1.0
4957,1.0
4687,1.0
1325,1.0
621,1.0
4681,0.0
1504,1.0
5090,0.0
4047,1.0
3751,1.0
1652,1.0
3516,1.0
3704,0.0
1066,1.0
1219,0.0
1557,1.0
2813,1.0
3141,1.0
2071,0.0
2669,1.0
4281,0.0
1266,0.0
4058,0.0
1720,1.0
2596,1.0
1154,0.0
1600,0.0
818,0.0
3621,0.0
4894,1.0
1331,1.0
1726,0.0
3064,1.0
2164,1.0
2078,0.0
4126,0.0
2638,1.0
3147,1.0
1176,1.0
4895,0.0
645,0.0
4247,1.0
4639,1.0
5054,0.0
2885,1.0
3878,1.0
4927,1.0
4380,1.0
1306,1.0
2931,1.0
3872,1.0
5061,1.0
4343,0.0
1812,1.0
1983,0.0
3196,1.0
4158,1.0
3949,1.0
1846,0.0
1872,1.0
1180,1.0
841,0.0
2050,1.0
3154,1.0
961,0.0
1626,0.0
4531,1.0
1657,1.0
1427,1.0
2159,1.0
3997,0.0
5138,0.0
877,1.0
2382,1.0
3056,1.0
1712,0.0
3264,0.0
3419,0.0
2317,0.0
1852,1.0
3987,0.0
1357,0.0
4961,1.0
3864,1.0
4083,1.0
3423,0.0
4586,1.0
3520,1.0
925,1.0
4621,1.0
1722,1.0
5118,1.0
3628,1.0
1688,0.0
1704,1.0
691,0.0
3459,1.0
1328,1.0
5259,1.0
4806,1.0
2576,1.0
3989,0.0
3961,1.0
3804,1.0
4653,1.0
1077,1.0
2700,1.0
2310,0.0
3718,1.0
3077,0.0
1809,1.0
650,1.0
4541,0.0
3863,0.0
2342,1.0
5200,1.0
2776,1.0
1080,0.0
3587,1.0
2073,1.0
1560,1.0
4685,1.0
4612,0.0
4603,1.0
2010,0.0
594,1.0
5250,1.0
3692,1.0
4669,1.0
3046,1.0
4130,0.0
5019,1.0
2652,1.0
3969,0.0
2084,1.0
1606,1.0
997,1.0
3773,1.0
678,0.0
5031,0.0
3411,1.0
2860,1.0
3417,1.0
1767,0.0
4112,1.0
1447,1.0
1895,1.0
4852,1.0
3182,1.0
1663,0.0
4915,1.0
1363,1.0
4006,1.0
904,1.0
3049,0.0
1874,1.0
1387,1.0
4292,1.0
3918,0.0
2374,0.0
4484,1.0
1716,1.0
1108,1.0
4256,1.0
4838,1.0
5045,1.0
3947,1.0
3585,1.0
1541,1.0
4108,1.0
3088,1.0
3466,1.0
2645,0.0
1685,1.0
3620,1.0
3235,1.0
1919,0.0
2575,1.0
4857,0.0
3428,1.0
4593,1.0
2805,1.0
4977,1.0
3960,1.0
3259,1.0
2150,1.0
1566,1.0
4410,1.0
5262,1.0
1696,1.0
1022,0.0
2355,1.0
4924,0.0
3253,0.0
920,1.0
1826,0.0
1823,0.0
1676,1.0
4883,0.0
4421,1.0
4164,1.0
2321,1.0
4567,0.0
1148,0.0
971,1.0
1829,0.0
4425,1.0
4106,0.0
3924,1.0
4668,0.0
4869,1.0
3517,0.0
3962,1.0
2766,0.0
1510,1.0
3971,1.0
3926,1.0
3896,1.0
4981,1.0
4066,1.0
3179,1.0
5126,1.0
3698,1.0
1236,1.0
1669,1.0
3189,0.0
1027,0.0
1548,0.0
975,0.0
943,1.0
3464,0.0
4756,0.0
3188,0.0
3410,1.0
4980,1.0
1575,1.0
5100,1.0
1903,1.0
3709,1.0
1888,1.0
3849,0.0
993,0.0
5311,1.0
4777,1.0
3373,1.0
670,1.0
1100,1.0
2987,0.0
2190,0.0
4149,0.0
4914,0.0
2559,1.0
3484,0.0
3480,1.0
1664,0.0
3662,1.0
4967,0.0
4311,1.0
3291,0.0
2505,1.0
2155,0.0
1134,1.0
4762,1.0
3002,0.0
1074,1.0
3245,1.0
3667,1.0
1780,1.0
4727,1.0
1061,0.0
4379,1.0
1507,0.0
4999,1.0
3382,1.0
689,0.0
3945,1.0
4061,0.0
1961,1.0
2179,1.0
4439,1.0
2974,1.0
5203,1.0
1261,0.0
4215,1.0
3071,0.0
3594,0.0
3985,1.0
5155,1.0
3507,0.0
1429,0.0
3740,0.0
2249,1.0
5219,1.0
4792,1.0
3036,0.0
4754,1.0
3781,1.0
1616,1.0
2986,1.0
5321,0.0
1212,1.0
4691,1.0
4772,0.0
1825,0.0
901,0.0
2899,1.0
4426,1.0
4102,1.0
3570,1.0
4545,1.0
1651,0.0
875,1.0
4907,1.0
2763,1.0
4276,0.0
3589,0.0
5059,1.0
2912,1.0
609,0.0
4786,0.0
4794,1.0
2434,0.0
3731,0.0
2955,1.0
1512,0.0
1532,1.0
1632,1.0
3753,1.0
2998,0.0
2262,0.0
4600,1.0
3708,1.0
3746,1.0
1853,0.0
1421,1.0
2952,1.0
1792,1.0
2308,1.0
1454,0.0
3726,1.0
1670,1.0
1996,0.0
5099,1.0
1545,1.0
595,0.0
934,1.0
3977,1.0
3906,0.0
4342,1.0
3132,1.0
3231,0.0
4265,1.0
4195,0.0
3099,1.0
2066,0.0
4529,0.0
4016,1.0
3438,0.0
1398,1.0
707,0.0
2290,1.0
5036,0.0
3809,1.0
873,1.0
803,1.0
3611,0.0
586,1.0
4951,1.0
1265,0.0
1975,0.0
2627,1.0
4689,0.0
2214,0.0
1137,1.0
714,0.0
3329,0.0
3548,0.0
2733,0.0
4460,1.0
3073,1.0
4305,1.0
1795,1.0
2401,1.0
2562,1.0
4941,1.0
2558,1.0
3672,1.0
2668,1.0
1779,1.0
3211,0.0
1689,1.0
2759,1.0
5240,0.0
3675,0.0
5139,1.0
3216,0.0
5226,1.0
5130,0.0
2343,0.0
2037,0.0
3866,1.0
3563,0.0
1602,1.0
4175,1.0
3293,0.0
4663,1.0
5289,1.0
1278,1.0
4318,1.0
1854,1.0
2414,1.0
3739,1.0
826,0.0
4571,1.0
2462,0.0
3266,1.0
1710,0.0
1238,0.0
2026,1.0
3865,0.0
3207,0.0
4088,0.0
4392,1.0
3476,1.0
2172,0.0
4430,0.0
2258,1.0
5258,1.0
5007,1.0
2550,1.0
3117,0.0
1747,1.0
2584,1.0
5079,1.0
3243,1.0
4037,1.0
2976,1.0
2785,0.0
5254,1.0
3729,0.0
4389,1.0
4185,1.0
1851,1.0
3549,1.0
2886,0.0
1609,1.0
1275,0.0
1957,1.0
899,1.0
1159,1.0
4827,1.0
1690,1.0
2118,0.0
572,0.0
1289,0.0
4583,1.0
1381,1.0
1115,0.0
5224,1.0
699,0.0
3885,1.0
984,1.0
4123,0.0
900,1.0
2504,1.0
889,0.0
2541,1.0
584,1.0
2656,0.0
3982,1.0
4393,0.0
1231,0.0
2660,0.0
4458,1.0
3970,1.0
733,0.0
3897,1.0
3869,1.0
5293,1.0
1274,1.0
5234,1.0
1870,1.0
1673,1.0
3598,0.0
4698,0.0
3834,1.0
2229,0.0
1262,0.0
2981,0.0
2378,1.0
2030,0.0
1991,0.0
3814,1.0
3107,1.0
3673,1.0
2832,1.0
3383,1.0
1408,1.0
772,1.0
2126,1.0
2293,0.0
1939,1.0
2502,1.0
2858,0.0
3014,1.0
726,0.0
5211,1.0
4899,1.0
2659,0.0
825,1.0
4182,1.0
4892,1.0
4562,1.0
4233,0.0
3098,1.0
5279,0.0
2094,1.0
1916,1.0
1734,1.0
2012,1.0
4670,1.0
4882,0.0
3841,1.0
2114,0.0
1290,1.0
3389,1.0
4097,1.0
931,1.0
4230,1.0
3008,1.0
4510,1.0
2459,0.0
1158,1.0
563,0.0
2814,1.0
1301,0.0
4890,1.0
583,1.0
2205,1.0
3204,0.0
1211,0.0
4839,1.0
1245,0.0
1731,0.0
2085,0.0
4652,0.0
2807,1.0
2069,0.0
4624,1.0
3300,1.0
2735,1.0
3626,1.0
2390,1.0
2789,1.0
882,0.0
1011,1.0
4160,1.0
2977,0.0
5334,1.0
1940,1.0
718,1.0
867,0.0
2897,1.0
4616,0.0
3174,1.0
1592,0.0
2599,1.0
5303,0.0
3453,1.0
989,0.0
2543,0.0
1303,1.0
4054,1.0
1714,1.0
2816,1.0
5076,1.0
773,1.0
4127,1.0
4644,0.0
2991,0.0
5109,1.0
4599,0.0
4622,0.0
1107,0.0
3826,1.0
4898,1.0
2739,1.0
2469,1.0
4787,1.0
908,0.0
2535,1.0
3618,1.0
752,1.0
1755,0.0
4450,1.0
5146,0.0
2878,1.0
972,0.0
3846,1.0
2963,1.0
2965,1.0
2278,0.0
4141,1.0
2156,1.0
2884,0.0
5104,1.0
4400,0.0
3195,1.0
4565,0.0
1935,1.0
5039,0.0
4325,0.0
967,1.0
3744,1.0
1536,1.0
3775,0.0
4433,1.0
1624,1.0
3721,0.0
1288,0.0
746,1.0
638,0.0
4911,1.0
4377,1.0
2376,1.0
1437,1.0
1424,1.0
1057,1.0
1140,1.0
680,1.0
3124,1.0
2933,1.0
634,0.0
1915,1.0
4860,1.0
3754,0.0
5326,1.0
4908,1.0
4740,0.0
2855,0.0
3103,0.0
3757,0.0
2829,0.0
2108,1.0
1608,0.0
2165,1.0
2127,1.0
4799,0.0
1735,1.0
1491,1.0
1736,0.0
4264,1.0
2478,0.0
3925,0.0
3367,1.0
4885,1.0
1527,0.0
4091,1.0
673,0.0
597,0.0
1849,1.0
4634,1.0
3832,1.0
2522,1.0
1934,1.0
3843,0.0
866,1.0
2418,0.0
1862,0.0
2941,1.0
4701,1.0
3638,0.0
1635,1.0
1878,0.0
3500,0.0
2758,1.0
4282,1.0
2914,1.0
1059,1.0
1120,1.0
3114,0.0
916,0.0
928,1.0
4246,1.0
801,0.0
1796,1.0
1244,0.0
4216,0.0
2441,0.0
3451,1.0
3941,0.0
4241,1.0
3578,1.0
2422,1.0
5285,1.0
4286,1.0
5052,1.0
2417,0.0
3171,0.0
5280,0.0
5206,1.0
3328,1.0
4226,1.0
4303,0.0
4347,0.0
3827,1.0
3562,0.0
2431,1.0
3532,1.0
3454,0.0
4843,1.0
847,1.0
4107,0.0
4988,0.0
3194,0.0
1893,1.0
3522,0.0
3643,1.0
1038,0.0
3335,1.0
623,0.0
4068,1.0
3053,0.0
713,1.0
5010,0.0
4169,1.0
3424,1.0
2371,0.0
3501,1.0
2029,1.0
4984,0.0
3996,1.0
1719,1.0
663,0.0
4768,1.0
5322,1.0
3724,0.0
4137,1.0
1944,0.0
915,0.0
2539,1.0
4751,0.0
2810,1.0
2864,1.0
4223,1.0
4497,0.0
4383,1.0
5048,1.0
4017,0.0
1129,1.0
3891,1.0
3072,1.0
3441,0.0
3042,1.0
3656,0.0
1752,0.0
4187,1.0
1623,1.0
1048,1.0
4739,1.0
566,0.0
5121,0.0
3406,1.0
2746,0.0
1984,1.0
2300,0.0
2839,1.0
3261,0.0
1789,1.0
2386,1.0
4595,1.0
1160,1.0
2184,0.0
5001,1.0
2467,1.0
3279,0.0
2782,0.0
4965,1.0
5043,1.0
3414,0.0
4322,1.0
1654,1.0
4875,0.0
4359,1.0
1525,1.0
5060,1.0
2481,0.0
1951,1.0
1256,0.0
3647,1.0
4649,1.0
4884,1.0
4836,1.0
2548,0.0
768,1.0
827,0.0
771,1.0
1453,0.0
5018,1.0
1124,1.0
3682,1.0
4574,1.0
3597,1.0
2843,1.0
3375,1.0
4708,1.0
1044,0.0
2222,1.0
3981,1.0
1193,1.0
2377,0.0
4579,1.0
3199,0.0
3668,0.0
1837,0.0
1613,1.0
3144,0.0
2820,1.0
3590,0.0
5183,0.0
4193,0.0
1638,1.0
3203,1.0
2664,1.0
3688,1.0
1528,0.0
5204,1.0
1911,1.0
4840,1.0
3102,1.0
1866,0.0
2679,1.0
1423,1.0
2545,1.0
3568,0.0
3533,0.0
2512,1.0
1206,1.0
2546,1.0
4053,0.0
4808,1.0
4933,1.0
5122,0.0
2200,1.0
2555,1.0
4240,1.0
2359,1.0
1876,1.0
2242,1.0
948,0.0
4690,1.0
4939,1.0
3446,0.0
985,1.0
2615,1.0
3431,1.0
4758,1.0
1591,0.0
1393,1.0
4805,0.0
5023,1.0
3057,1.0
5292,1.0
4418,1.0
4261,1.0
4990,0.0
2833,1.0
1431,0.0
1906,1.0
4778,1.0
1125,0.0
2191,1.0
4549,1.0
4841,1.0
5083,1.0
4089,1.0
2768,1.0
613,1.0
4631,1.0
3021,1.0
881,0.0
4092,1.0
4278,1.0
1488,1.0
723,1.0
1816,1.0
939,1.0
1142,0.0
968,0.0
2447,0.0
5068,1.0
1658,1.0
599,0.0
4688,1.0
1723,1.0
3005,1.0
3640,0.0
1589,1.0
4432,1.0
2074,1.0
1170,0.0
2591,1.0
2922,1.0
2468,1.0
846,1.0
5148,1.0
4132,1.0
4555,1.0
879,0.0
1683,0.0
3247,1.0
3440,1.0
3409,0.0
5297,1.0
4020,1.0
3693,1.0
2004,1.0
2930,0.0
1414,1.0
1724,1.0
3078,1.0
783,0.0
2583,1.0
3175,1.0
4251,1.0
1643,1.0
2761,1.0
3083,1.0
2790,1.0
2595,1.0
2831,1.0
5188,1.0
3091,1.0
4371,0.0
2734,0.0
3052,0.0
577,1.0
976,0.0
4928,1.0
3028,0.0
3296,1.0
4227,1.0
884,0.0
1128,1.0
4807,1.0
3121,1.0
3685,0.0
3901,0.0
2719,0.0
3940,1.0
4288,1.0
1508,0.0
2828,1.0
560,0.0
2607,1.0
1655,0.0
3782,1.0
3427,0.0
3936,0.0
3723,0.0
1517,1.0
4348,0.0
3911,1.0
5129,1.0
5218,0.0
4344,1.0
4148,1.0
1697,1.0
2635,1.0
1149,1.0
2918,1.0
2900,1.0
3624,1.0
1659,1.0
4594,1.0
2812,1.0
3908,1.0
2892,1.0
2927,0.0
2771,1.0
3968,0.0
3263,1.0
2281,1.0
4680,0.0
3267,1.0
4136,1.0
2464,0.0
5220,0.0
5015,1.0
4991,1.0
1539,1.0
2013,0.0
4729,1.0
1127,0.0
3184,1.0
3298,1.0
3435,1.0
3322,0.0
2748,0.0
4277,0.0
2701,0.0
1492,1.0
4010,1.0
951,1.0
722,0.0
2901,1.0
5134,1.0
3980,1.0
1860,1.0
759,1.0
1084,0.0
2837,1.0
4065,0.0
1908,1.0
959,1.0
1428,0.0
3308,1.0
2368,0.0
1753,1.0
2788,1.0
886,1.0
2956,1.0
2006,1.0
2410,1.0
988,1.0
4472,1.0
4667,1.0
4173,1.0
2921,1.0
3796,1.0
3555,1.0
911,1.0
4186,0.0
5105,0.0
706,0.0
2259,1.0
3748,0.0
1612,0.0
952,0.0
4482,0.0
4626,1.0
2875,0.0
1819,0.0
1169,1.0
3115,0.0
2939,1.0
3694,1.0
4314,0.0
4521,0.0
1729,0.0
3043,1.0
2971,1.0
3268,0.0
5230,1.0
4901,1.0
2752,1.0
2683,1.0
1739,1.0
2534,1.0
786,1.0
3646,1.0
624,1.0
1192,0.0
4224,0.0
1029,1.0
3650,0.0
876,1.0
3289,0.0
4284,1.0
4386,1.0
2406,1.0
3986,1.0
3344,1.0
2853,0.0
3575,0.0
5024,1.0
2381,1.0
845,0.0
3915,0.0
3197,0.0
4146,1.0
4503,1.0
3469,1.0
4833,1.0
1502,1.0
4820,1.0
3515,1.0
3560,0.0
4405,1.0
5150,1.0
2594,1.0
1715,1.0
1641,1.0
2677,1.0
4553,1.0
812,1.0
4415,1.0
978,0.0
2301,1.0
3898,1.0
2463,1.0
2311,0.0
4966,0.0
3433,1.0
582,0.0
4161,1.0
1815,0.0
4163,1.0
1269,1.0
3722,1.0
3944,1.0
1296,1.0
1314,1.0
4996,0.0
4207,1.0
4026,0.0
3899,1.0
1251,1.0
2052,0.0
4731,0.0
4855,1.0
2775,1.0
1489,1.0
697,0.0
1909,0.0
2680,1.0
2068,1.0
4710,1.0
3225,1.0
3016,0.0
1958,0.0
1642,1.0
1633,1.0
895,0.0
5115,0.0
4254,1.0
651,0.0
982,1.0
1258,1.0
1002,0.0
620,1.0
3228,0.0
1925,0.0
795,0.0
872,1.0
1546,1.0
5271,1.0
2943,1.0
4532,0.0
4479,0.0
937,1.0
4903,1.0
4229,1.0
677,0.0
4851,0.0
2880,1.0
4540,1.0
1308,1.0
4192,1.0
690,0.0
887,0.0
1082,0.0
4358,1.0
1605,1.0
3463,1.0
2036,0.0
1118,0.0
3461,1.0
2227,0.0
2070,0.0
2852,1.0
2694,1.0
5267,1.0
3810,1.0
1440,1.0
892,1.0
4117,1.0
765,0.0
2604,1.0
3023,1.0
4060,1.0
1707,0.0
1797,0.0
2334,0.0
3109,1.0
2349,1.0
5141,1.0
1523,0.0
3486,0.0
736,0.0
5165,1.0
4263,1.0
3655,1.0
990,1.0
2703,1.0
562,1.0
745,0.0
4881,1.0
885,1.0
2331,1.0
5306,1.0
1904,0.0
1841,1.0
1443,0.0
716,1.0
750,0.0
1470,1.0
1319,1.0
4742,1.0
2658,1.0
2926,1.0
1580,1.0
1183,1.0
2442,0.0
4079,1.0
1364,0.0
1912,1.0
788,1.0
1313,0.0
3679,0.0
721,0.0
1558,1.0
2521,1.0
3079,1.0
2569,1.0
4101,1.0
5107,1.0
1088,1.0
862,1.0
2016,0.0
2212,1.0
2182,1.0
5208,0.0
980,1.0
1678,0.0
3657,1.0
1845,0.0
3765,0.0
4959,1.0
2906,1.0
1699,1.0
1346,1.0
5336,0.0
3636,0.0
1686,1.0
3334,0.0
5247,1.0
1661,0.0
3663,1.0
860,0.0
4420,1.0
3317,1.0
4782,0.0
1234,1.0
2557,1.0
4819,1.0
2020,0.0
3975,1.0
1405,1.0
1758,0.0
666,1.0
5192,1.0
1459,1.0
2090,0.0
1832,0.0
3676,0.0
4602,1.0
5074,1.0
2009,0.0
2995,1.0
3710,1.0
758,1.0
824,0.0
4355,1.0
1282,1.0
5006,0.0
2443,1.0
4384,0.0
4597,1.0
3689,0.0
3039,0.0
3044,1.0
2088,1.0
2601,1.0
2421,1.0
1093,0.0
4446,1.0
823,1.0
1988,0.0
4095,1.0
4221,0.0
3725,1.0
4721,1.0
2364,1.0
2532,0.0
4524,1.0
3473,1.0
1763,1.0
4212,1.0
3502,1.0
2492,0.0
3105,1.0
1855,0.0
4444,1.0
3080,1.0
4880,0.0
4133,1.0
3801,1.0
1549,1.0
3075,0.0
2835,1.0
4419,0.0
1656,1.0
4592,1.0
4403,1.0
1417,0.0
3283,1.0
3040,0.0
2484,0.0
2365,1.0
4135,1.0
1648,0.0
4048,1.0
5313,1.0
4307,1.0
2032,1.0
1529,0.0
2275,1.0
5073,0.0
4513,1.0
5144,0.0
996,0.0
564,1.0
617,1.0
4872,0.0
1248,0.0
4151,1.0
2168,0.0
4745,1.0
4109,0.0
3617,1.0
883,1.0
2755,0.0
966,1.0
2351,1.0
3494,0.0
3355,1.0
3212,0.0
1173,1.0
1568,1.0
3821,1.0
3884,1.0
4085,1.0
5087,0.0
800,1.0
2728,1.0
600,1.0
4711,0.0
2413,0.0
3984,1.0
999,0.0
2846,1.0
4728,1.0
1241,1.0
1465,0.0
740,0.0
4913,1.0
1065,0.0
3803,0.0
4375,1.0
1446,0.0
3068,0.0
3791,1.0
5333,1.0
3356,1.0
1749,1.0
924,1.0
3470,0.0
1436,1.0
2387,1.0
2107,0.0
1503,1.0
4203,1.0
625,0.0
3957,1.0
4651,0.0
1973,1.0
1240,0.0
4904,1.0
2280,1.0
1840,0.0
4283,1.0
3022,1.0
3979,0.0
5108,1.0
4791,1.0
4686,1.0
626,0.0
3759,0.0
1727,1.0
5282,0.0
3665,1.0
1781,1.0
4664,1.0
1649,1.0
1894,0.0
696,1.0
2527,1.0
1113,1.0
580,1.0
2196,1.0
1570,1.0
3129,0.0
5020,0.0
2705,0.0
2753,1.0
4919,1.0
2244,1.0
3483,1.0
4178,0.0
3030,0.0
2907,1.0
1586,0.0
1772,1.0
2043,1.0
1119,1.0
4217,1.0
2217,1.0
1562,0.0
3157,0.0
2096,0.0
1253,1.0
813,1.0
2634,1.0
4268,1.0
4442,1.0
5325,1.0
2446,0.0
1368,1.0
3992,1.0
3886,1.0
5172,1.0
1086,1.0
5237,0.0
2488,1.0
2336,1.0
2678,1.0
4319,1.0
4733,1.0
4606,0.0
4684,1.0
639,1.0
1355,1.0
835,1.0
4693,1.0
1042,0.0
3666,1.0
4789,0.0
4243,1.0
1397,0.0
1054,1.0
4523,0.0
2369,0.0
3047,1.0
2048,1.0
5050,1.0
4604,0.0
1993,1.0
910,0.0
3142,0.0
2204,1.0
5302,0.0
1597,1.0
4793,1.0
2871,1.0
1341,0.0
5070,1.0
4055,1.0
4591,1.0
3226,0.0
4854,1.0
573,0.0
3359,1.0
3569,1.0
2327,0.0
1412,1.0
3029,0.0
3256,0.0
2490,1.0
2187,1.0
4747,0.0
3404,0.0
1209,1.0
616,0.0
2400,1.0
3260,1.0
3393,1.0
4720,1.0
1660,1.0
3054,0.0
4258,1.0
1671,1.0
4449,1.0
1519,1.0
4156,0.0
2579,1.0
4408,0.0
3110,0.0
1008,0.0
715,0.0
3032,0.0
669,1.0
1827,1.0
1733,1.0
2889,1.0
2087,0.0
5213,1.0
5291,0.0
3038,1.0
839,1.0
2147,1.0
1581,1.0
4294,1.0
5158,1.0
1918,1.0
4703,1.0
3546,1.0
3386,1.0
3116,1.0
4870,1.0
3193,1.0
4561,1.0
1601,1.0
5026,1.0
4366,1.0
1705,0.0
3586,1.0
2112,1.0
1760,0.0
2345,0.0
1060,0.0
3067,0.0
4507,1.0
4042,0.0
1979,1.0
5117,0.0
3183,0.0
3951,1.0
1130,0.0
844,1.0
3106,0.0
1953,0.0
728,0.0
4682,0.0
5168,1.0
3127,0.0
2692,0.0
3337,0.0
5151,1.0
1515,1.0
981,1.0
5231,1.0
2457,0.0
1000,1.0
4935,1.0
4803,1.0
2062,1.0
1069,0.0
1292,0.0
4329,1.0
2794,0.0
4205,1.0
1096,0.0
4332,1.0
2482,1.0
3822,0.0
2698,1.0
938,1.0
5273,1.0
5235,1.0
5004,1.0
596,0.0
799,1.0
2749,1.0
2973,1.0
4111,1.0
2044,1.0
5160,1.0
5063,0.0
2180,0.0
3416,0.0
5095,1.0
2731,1.0
2618,1.0
2294,0.0
1259,0.0
3348,1.0
2183,1.0
2802,1.0
1144,0.0
2344,1.0
3932,0.0
3579,0.0
2573,1.0
3310,1.0
5335,1.0
4100,0.0
2540,0.0
4568,0.0
4601,1.0
4755,0.0
4204,0.0
3294,0.0
986,0.0
1891,1.0
5323,1.0
820,0.0
2174,0.0
2207,0.0
2513,0.0
1931,1.0
2597,1.0
2473,0.0
3542,0.0
2015,0.0
2243,1.0
2282,1.0
4910,0.0
5329,1.0
4950,1.0
3126,1.0
1706,1.0
2253,0.0
2934,1.0
1318,0.0
2707,1.0
4581,0.0
2606,1.0
3185,1.0
4515,1.0
2347,1.0
2982,1.0
1279,0.0
3181,0.0
2536,0.0
4796,1.0
3444,0.0
3118,0.0
2335,1.0
1869,1.0
1556,1.0
1949,1.0
2329,1.0
4378,1.0
4028,1.0
5084,1.0
2058,1.0
2178,1.0
3742,0.0
2762,1.0
3779,0.0
4142,0.0
1078,1.0
1141,1.0
3145,1.0
2988,1.0
1992,0.0
2944,1.0
4313,1.0
2209,1.0
1971,1.0
4770,1.0
5308,0.0
571,1.0
5161,0.0
817,1.0
2051,0.0
3111,0.0
1499,0.0
1271,0.0
1099,0.0
4038,0.0
2360,0.0
2154,1.0
3370,0.0
5199,1.0
2221,1.0
3237,0.0
2362,1.0
1842,0.0
3311,1.0
1177,1.0
4456,0.0
5221,1.0
2391,0.0
682,0.0
2671,1.0
4954,1.0
5266,1.0
4435,1.0
2169,1.0
3069,1.0
4213,0.0
4471,1.0
5120,1.0
2975,1.0
2919,1.0
1297,0.0
965,0.0
1247,1.0
2809,1.0
2840,1.0
1665,0.0
2622,0.0
2509,1.0
4488,1.0
4422,1.0
3368,1.0
1162,0.0
4177,0.0
1026,1.0
933,0.0
1960,1.0
1966,0.0
3017,1.0
1422,0.0
1298,1.0
2893,0.0
4191,1.0
1926,1.0
3558,0.0
632,0.0
2798,0.0
804,1.0
789,1.0
3768,1.0
1484,0.0
2673,1.0
2152,0.0
2224,1.0
5324,1.0
4116,1.0
2614,0.0
2985,0.0
4625,1.0
5046,1.0
2228,1.0
2544,1.0
4953,1.0
2983,1.0
1703,0.0
2964,1.0
1098,0.0
3460,1.0
3394,1.0
2333,0.0
1962,1.0
5332,1.0
2911,0.0
3607,1.0
4222,1.0
3358,0.0
4499,1.0
5176,1.0
926,1.0
1477,0.0
778,0.0
1081,1.0
1718,0.0
4784,0.0
2769,1.0
2185,1.0
2637,1.0
1353,1.0
4557,0.0
4893,1.0
2489,0.0
4962,1.0
3281,1.0
1243,0.0
2773,1.0
987,0.0
2725,0.0
4646,1.0
2455,1.0
1578,1.0
2496,0.0
2874,1.0
930,1.0
1521,1.0
2655,0.0
4346,1.0
2233,1.0
2072,1.0
2146,1.0
4049,1.0
1929,0.0
4647,1.0
3526,0.0
1050,0.0
4656,1.0
3475,0.0
5315,1.0
2292,1.0
3556,1.0
2994,1.0
2076,1.0
3388,1.0
2395,1.0
1235,1.0
731,1.0
833,0.0
1101,0.0
2525,1.0
2341,1.0
748,1.0
1383,0.0
2135,0.0
2777,0.0
4279,1.0
1460,1.0
2121,1.0
3250,0.0
782,0.0
1155,0.0
2237,0.0
2682,1.0
1089,0.0
1881,1.0
4704,1.0
2888,1.0
3998,1.0
4416,1.0
808,1.0
3610,1.0
831,1.0
2319,1.0
2902,1.0
3168,1.0
3875,0.0
4766,1.0
1898,0.0
2105,1.0
796,0.0
4847,1.0
3544,1.0
3384,1.0
4944,1.0
3653,0.0
1750,1.0
3031,0.0
5340,1.0
2908,1.0
1196,1.0
1838,0.0
5011,1.0
1382,1.0
755,0.0
3678,1.0
1487,0.0
4506,1.0
4519,1.0
3537,1.0
4201,0.0
995,0.0
1811,1.0
5190,1.0
